{
    "Version": 1,
    "Name": "Skeleton",
    "ModelID": "7b90fb15835c49998aedb6bbc6155bfc",
    "FileReferences": {
        "Icon": "icon.jpg",
        "Model": "Skeleton.model3.json",
        "IdleAnimation": "",
        "IdleAnimationWhenTrackingLost": ""
    },
    "ModelSaveMetadata": {
        "LastSavedVTubeStudioVersion": "1.18.0",
        "LastSavedPlatform": "Steam",
        "LastSavedDateUTC": "Monday, 11 April 2022, 18:44:52",
        "LastSavedDateLocalTime": "Monday, 11 April 2022, 19:44:52",
        "LastSavedDateUnixMillisecondTimestamp": "1649702692329"
    },
    "SavedModelPosition": {
        "Position": {
            "x": -38.180328369140628,
            "y": -24.259239196777345,
            "z": 0.0
        },
        "Rotation": {
            "x": 0.0,
            "y": 0.0,
            "z": 0.0,
            "w": 1.0
        },
        "Scale": {
            "x": 1.0,
            "y": 1.0,
            "z": 1.0
        }
    },
    "ModelPositionMovement": {
        "Use": true,
        "X": 6,
        "Y": 8,
        "Z": 11,
        "SmoothingX": 10,
        "SmoothingY": 10,
        "SmoothingZ": 10
    },
    "PhysicsSettings": {
        "Use": true,
        "UseLegacyPhysics": false,
        "Live2DPhysicsFPS": 3,
        "PhysicsStrength": 50,
        "WindStrength": 0
    },
    "GeneralSettings": {
        "TimeUntilTrackingLostIdleAnimation": 0.0
    },
    "ParameterSettings": [
        {
            "Name": "HandRightAngleZ",
            "Input": "HandRightAngleZ",
            "InputRangeLower": -60.0,
            "InputRangeUpper": 60.0,
            "OutputRangeLower": -90.0,
            "OutputRangeUpper": 90.0,
            "ClampInput": false,
            "ClampOutput": false,
            "UseBlinking": false,
            "UseBreathing": false,
            "OutputLive2D": "HandRightAngleZ",
            "Smoothing": 20,
            "Minimized": false
        },
        {
            "Name": "HandRightAngleX",
            "Input": "HandRightAngleX",
            "InputRangeLower": -180.0,
            "InputRangeUpper": 180.0,
            "OutputRangeLower": -60.0,
            "OutputRangeUpper": 60.0,
            "ClampInput": false,
            "ClampOutput": false,
            "UseBlinking": false,
            "UseBreathing": false,
            "OutputLive2D": "HandRightAngleX",
            "Smoothing": 0,
            "Minimized": false
        },
        {
            "Name": "Right Thumb",
            "Input": "HandRightFinger_1_Thumb",
            "InputRangeLower": 0.0,
            "InputRangeUpper": 1.0,
            "OutputRangeLower": 0.0,
            "OutputRangeUpper": 1.0,
            "ClampInput": false,
            "ClampOutput": false,
            "UseBlinking": false,
            "UseBreathing": false,
            "OutputLive2D": "HandRightFinger_1_Thumb",
            "Smoothing": 20,
            "Minimized": false
        },
        {
            "Name": "Right Index Finger",
            "Input": "HandRightFinger_2_Index",
            "InputRangeLower": 0.0,
            "InputRangeUpper": 1.0,
            "OutputRangeLower": 0.0,
            "OutputRangeUpper": 1.0,
            "ClampInput": false,
            "ClampOutput": false,
            "UseBlinking": false,
            "UseBreathing": false,
            "OutputLive2D": "HandRightFinger_2_Index",
            "Smoothing": 20,
            "Minimized": false
        },
        {
            "Name": "Right Middle Finger",
            "Input": "HandRightFinger_3_Middle",
            "InputRangeLower": 0.0,
            "InputRangeUpper": 1.0,
            "OutputRangeLower": 0.0,
            "OutputRangeUpper": 1.0,
            "ClampInput": false,
            "ClampOutput": false,
            "UseBlinking": false,
            "UseBreathing": false,
            "OutputLive2D": "HandRightFinger_3_Middle",
            "Smoothing": 20,
            "Minimized": false
        },
        {
            "Name": "Right Ring Finger",
            "Input": "HandRightFinger_4_Ring",
            "InputRangeLower": 0.0,
            "InputRangeUpper": 1.0,
            "OutputRangeLower": 0.0,
            "OutputRangeUpper": 1.0,
            "ClampInput": false,
            "ClampOutput": false,
            "UseBlinking": false,
            "UseBreathing": false,
            "OutputLive2D": "HandRightFinger_4_Ring",
            "Smoothing": 20,
            "Minimized": false
        },
        {
            "Name": "Right Pinky",
            "Input": "HandRightFinger_5_Pinky",
            "InputRangeLower": 0.0,
            "InputRangeUpper": 1.0,
            "OutputRangeLower": 0.0,
            "OutputRangeUpper": 1.0,
            "ClampInput": false,
            "ClampOutput": false,
            "UseBlinking": false,
            "UseBreathing": false,
            "OutputLive2D": "HandRightFinger_5_Pinky",
            "Smoothing": 20,
            "Minimized": false
        },
        {
            "Name": "HandLeftAngleZ",
            "Input": "HandLeftAngleZ",
            "InputRangeLower": -60.0,
            "InputRangeUpper": 60.0,
            "OutputRangeLower": -90.0,
            "OutputRangeUpper": 90.0,
            "ClampInput": false,
            "ClampOutput": false,
            "UseBlinking": false,
            "UseBreathing": false,
            "OutputLive2D": "HandLeftAngleZ",
            "Smoothing": 20,
            "Minimized": false
        },
        {
            "Name": "HandLeftAngleX",
            "Input": "HandLeftAngleX",
            "InputRangeLower": -180.0,
            "InputRangeUpper": 180.0,
            "OutputRangeLower": -60.0,
            "OutputRangeUpper": 60.0,
            "ClampInput": false,
            "ClampOutput": false,
            "UseBlinking": false,
            "UseBreathing": false,
            "OutputLive2D": "HandLeftAngleX",
            "Smoothing": 0,
            "Minimized": false
        },
        {
            "Name": "Left Thumb",
            "Input": "HandLeftFinger_1_Thumb",
            "InputRangeLower": 0.0,
            "InputRangeUpper": 1.0,
            "OutputRangeLower": 0.0,
            "OutputRangeUpper": 1.0,
            "ClampInput": false,
            "ClampOutput": false,
            "UseBlinking": false,
            "UseBreathing": false,
            "OutputLive2D": "HandLeftFinger_1_Thumb",
            "Smoothing": 20,
            "Minimized": false
        },
        {
            "Name": "Left Index Finger",
            "Input": "HandLeftFinger_2_Index",
            "InputRangeLower": 0.0,
            "InputRangeUpper": 1.0,
            "OutputRangeLower": 0.0,
            "OutputRangeUpper": 1.0,
            "ClampInput": false,
            "ClampOutput": false,
            "UseBlinking": false,
            "UseBreathing": false,
            "OutputLive2D": "HandLeftFinger_2_Index",
            "Smoothing": 20,
            "Minimized": false
        },
        {
            "Name": "Left Middle Finger",
            "Input": "HandLeftFinger_3_Middle",
            "InputRangeLower": 0.0,
            "InputRangeUpper": 1.0,
            "OutputRangeLower": 0.0,
            "OutputRangeUpper": 1.0,
            "ClampInput": false,
            "ClampOutput": false,
            "UseBlinking": false,
            "UseBreathing": false,
            "OutputLive2D": "HandLeftFinger_3_Middle",
            "Smoothing": 20,
            "Minimized": false
        },
        {
            "Name": "Left Ring Finger",
            "Input": "HandLeftFinger_4_Ring",
            "InputRangeLower": 0.0,
            "InputRangeUpper": 1.0,
            "OutputRangeLower": 0.0,
            "OutputRangeUpper": 1.0,
            "ClampInput": false,
            "ClampOutput": false,
            "UseBlinking": false,
            "UseBreathing": false,
            "OutputLive2D": "HandLeftFinger_4_Ring",
            "Smoothing": 20,
            "Minimized": false
        },
        {
            "Name": "Left Pinky",
            "Input": "HandLeftFinger_5_Pinky",
            "InputRangeLower": 0.0,
            "InputRangeUpper": 1.0,
            "OutputRangeLower": 0.0,
            "OutputRangeUpper": 1.0,
            "ClampInput": false,
            "ClampOutput": false,
            "UseBlinking": false,
            "UseBreathing": false,
            "OutputLive2D": "HandLeftFinger_5_Pinky",
            "Smoothing": 20,
            "Minimized": false
        },
        {
            "Name": "LeftUpperArmRotation",
            "Input": "LeftUpperArmRotation",
            "InputRangeLower": -30.0,
            "InputRangeUpper": 30.0,
            "OutputRangeLower": -30.0,
            "OutputRangeUpper": 30.0,
            "ClampInput": false,
            "ClampOutput": false,
            "UseBlinking": false,
            "UseBreathing": false,
            "OutputLive2D": "LeftUpperArmRotation",
            "Smoothing": 20,
            "Minimized": false
        },
        {
            "Name": "LeftForearmRotation",
            "Input": "LeftForearmRotation",
            "InputRangeLower": -30.0,
            "InputRangeUpper": 30.0,
            "OutputRangeLower": -30.0,
            "OutputRangeUpper": 30.0,
            "ClampInput": false,
            "ClampOutput": false,
            "UseBlinking": false,
            "UseBreathing": false,
            "OutputLive2D": "LeftForearmRotation",
            "Smoothing": 0,
            "Minimized": false
        },
        {
            "Name": "LeftUpperArmExtend",
            "Input": "LeftUpperArmExtend",
            "InputRangeLower": 30.0,
            "InputRangeUpper": 0.0,
            "OutputRangeLower": 0.0,
            "OutputRangeUpper": 30.0,
            "ClampInput": false,
            "ClampOutput": false,
            "UseBlinking": false,
            "UseBreathing": false,
            "OutputLive2D": "LeftUpperArmExtend",
            "Smoothing": 20,
            "Minimized": false
        },
        {
            "Name": "LeftForearmExtend",
            "Input": "LeftForearmExtend",
            "InputRangeLower": 30.0,
            "InputRangeUpper": 0.0,
            "OutputRangeLower": 0.0,
            "OutputRangeUpper": 30.0,
            "ClampInput": false,
            "ClampOutput": false,
            "UseBlinking": false,
            "UseBreathing": false,
            "OutputLive2D": "LeftForearmExtend",
            "Smoothing": 20,
            "Minimized": false
        },
        {
            "Name": "RightUpperArmRotation",
            "Input": "RightUpperArmRotation",
            "InputRangeLower": -30.0,
            "InputRangeUpper": 30.0,
            "OutputRangeLower": -30.0,
            "OutputRangeUpper": 30.0,
            "ClampInput": false,
            "ClampOutput": false,
            "UseBlinking": false,
            "UseBreathing": false,
            "OutputLive2D": "RightUpperArmRotation",
            "Smoothing": 20,
            "Minimized": false
        },
        {
            "Name": "RightForearmRotation",
            "Input": "RightForearmRotation",
            "InputRangeLower": -30.0,
            "InputRangeUpper": 30.0,
            "OutputRangeLower": -30.0,
            "OutputRangeUpper": 30.0,
            "ClampInput": false,
            "ClampOutput": false,
            "UseBlinking": false,
            "UseBreathing": false,
            "OutputLive2D": "RightForearmRotation",
            "Smoothing": 0,
            "Minimized": false
        },
        {
            "Name": "RightUpperArmExtend",
            "Input": "RightUpperArmExtend",
            "InputRangeLower": 30.0,
            "InputRangeUpper": 0.0,
            "OutputRangeLower": 0.0,
            "OutputRangeUpper": 30.0,
            "ClampInput": false,
            "ClampOutput": false,
            "UseBlinking": false,
            "UseBreathing": false,
            "OutputLive2D": "RightUpperArmExtend",
            "Smoothing": 20,
            "Minimized": false
        },
        {
            "Name": "RightForearmExtend",
            "Input": "RightForearmExtend",
            "InputRangeLower": 30.0,
            "InputRangeUpper": 0.0,
            "OutputRangeLower": 0.0,
            "OutputRangeUpper": 30.0,
            "ClampInput": false,
            "ClampOutput": false,
            "UseBlinking": false,
            "UseBreathing": false,
            "OutputLive2D": "RightForearmExtend",
            "Smoothing": 20,
            "Minimized": false
        }
    ],
    "Hotkeys": [],
    "HotkeySettings": {
        "UseOnScreenHotkeys": false,
        "UseKeyboardHotkeys": true,
        "SendOnScreenHotkeysToPC": true,
        "OnScreenHotkeyAlpha": 75
    },
    "ArtMeshDetails": {
        "ArtMeshesExcludedFromPinning": [],
        "ArtMeshesThatDeleteItemsOnDrop": [],
        "ArtMeshSceneLightingMultipliers": []
    },
    "PhysicsCustomizationSettings": {
        "PhysicsMultipliersPerPhysicsGroup": [],
        "WindMultipliersPerPhysicsGroup": []
    }
}